/*============================= Thêm Khách Hàng ==============================*/
ALTER SESSION SET NLS_DATE_FORMAT = 'DD/MM/YYYY HH24:MI:SS';
SELECT * FROM user_qlch.KHACHHANG;
--ngày 27/5
INSERT INTO user_qlch.KHACHHANG(MAKH,HOTEN,SDT,DIACHI,NGAYSINH,GHICHU,GIOITINH) VALUES (user_qlch.SEQ1_MAKH.NEXTVAL,N'Nguyễn Đoàn Khánh Linh','0862838262',N'108 Đường Hoàng Diệu 2, P. Linh Chiểu, TP. Thủ Đức - TP. Hồ Chí Minh','22/04/2002',NULL,'Nữ');
INSERT INTO user_qlch.KHACHHANG(MAKH,HOTEN,SDT,DIACHI,NGAYSINH,GHICHU,GIOITINH) VALUES (user_qlch.SEQ1_MAKH.NEXTVAL,N'Trương Văn Nghĩa','0867272526',N'75 Đường Võ Văn Tần, Phường 6, Quận 3, TP, Hồ Chí Minh','12/07/2000',NULL,'Nam');
INSERT INTO user_qlch.KHACHHANG(MAKH,HOTEN,SDT,DIACHI,NGAYSINH,GHICHU,GIOITINH) VALUES (user_qlch.SEQ1_MAKH.NEXTVAL,N'Phan Hữu Đức Phương','0865140085',N'186 Đường Bàu Cát, Phường 14, Quận Tân Bình, TP. Hồ Chí Minh','12/12/1994',NULL,'Nam');
INSERT INTO user_qlch.KHACHHANG(MAKH,HOTEN,SDT,DIACHI,NGAYSINH,GHICHU,GIOITINH) VALUES (user_qlch.SEQ1_MAKH.NEXTVAL,N'Phan Việt Ngọc','0866735714',N'14 PHường Đồng Khởi, Phường Bến Nghé, Quận 1, TP.  Hồ Chí Minh','31/05/1997',NULL,'Nữ');
INSERT INTO user_qlch.KHACHHANG(MAKH,HOTEN,SDT,DIACHI,NGAYSINH,GHICHU,GIOITINH) VALUES (user_qlch.SEQ1_MAKH.NEXTVAL,N'Lê Thị Thảo Hà','0966783155',N'50 Đường Số 2, Phường An Phú, TP. Thủ Đức - TP. Hồ Chí Minh','11/11/1999',NULL,'Nữ');
INSERT INTO user_qlch.KHACHHANG(MAKH,HOTEN,SDT,DIACHI,NGAYSINH,GHICHU,GIOITINH) VALUES (user_qlch.SEQ1_MAKH.NEXTVAL,N'Hoàng Thị Mai Thi','0962401316',N'28 Đường Thảo Điền, Phường Thảo Điền, TP. Thủ Đức - TP. Hồ Chí Minh','16/09/1995',NULL,'Nữ');
INSERT INTO user_qlch.KHACHHANG(MAKH,HOTEN,SDT,DIACHI,NGAYSINH,GHICHU,GIOITINH) VALUES (user_qlch.SEQ1_MAKH.NEXTVAL,N'Trần Thị Việt Hà','0960379262',N'11 Đường Tô Ký, Xã Tân Chánh Hiệp, Huyện Hóc Môn, TP. Hồ Chí Minh','18/02/1995',NULL,'Nữ');
INSERT INTO user_qlch.KHACHHANG(MAKH,HOTEN,SDT,DIACHI,NGAYSINH,GHICHU,GIOITINH) VALUES (user_qlch.SEQ1_MAKH.NEXTVAL,N'Trần Thị Hà My','0963251637',N'39 Đường Số 4, Phường 6, Quận 8, TP. Hồ Chí Minh','05/11/2001',NULL,'Nữ');
--ngày 28/5
INSERT INTO user_qlch.KHACHHANG(MAKH,HOTEN,SDT,DIACHI,NGAYSINH,GHICHU,GIOITINH) VALUES (user_qlch.SEQ1_MAKH.NEXTVAL,N'Nguyễn Như Nguyệt','0976326231',N'109/3E Đường Thạnh Xuân 22, Phường Thạnh Xuân, Quận 12, Hồ Chí Minh','21/02/1993',NULL,'Nữ');
INSERT INTO user_qlch.KHACHHANG(MAKH,HOTEN,SDT,DIACHI,NGAYSINH,GHICHU,GIOITINH) VALUES (user_qlch.SEQ1_MAKH.NEXTVAL,N'Mai Hồng Ngọc','0979710246',N'12 Đường Số 12, Phường Hiệp Bình Phước, TP. Thủ Đức - TP. Hồ Chí Minh','12/05/2001',NULL,'Nữ');
INSERT INTO user_qlch.KHACHHANG(MAKH,HOTEN,SDT,DIACHI,NGAYSINH,GHICHU,GIOITINH) VALUES (user_qlch.SEQ1_MAKH.NEXTVAL,N'Phan Thị Thúy','0976466064',N'42 Đường Quang Trung, Phường 11, Quận Gò Vấp, Hồ Chí Minh','30/12/1996',NULL,'Nữ');
INSERT INTO user_qlch.KHACHHANG(MAKH,HOTEN,SDT,DIACHI,NGAYSINH,GHICHU,GIOITINH) VALUES (user_qlch.SEQ1_MAKH.NEXTVAL,N'Nguyễn Thị Bích Hằng','0971148757',N'117/1 Đường 16, Phường Hiệp Bình Chánh,  TP. Thủ Đức - TP. Hồ Chí Minh','10/04/1999',NULL,'Nữ');
INSERT INTO user_qlch.KHACHHANG(MAKH,HOTEN,SDT,DIACHI,NGAYSINH,GHICHU,GIOITINH) VALUES (user_qlch.SEQ1_MAKH.NEXTVAL,N'Đinh Tiến Đạt','0981272516',N'94 Đường Nguyễn Oanh, Phường 17, Quận Gò Vấp, Hồ Chí Minh','23/05/1999',NULL,'Nam');
INSERT INTO user_qlch.KHACHHANG(MAKH,HOTEN,SDT,DIACHI,NGAYSINH,GHICHU,GIOITINH) VALUES (user_qlch.SEQ1_MAKH.NEXTVAL,N'Huỳnh Như Lài','0989043909',N'49 Đường 3 tháng 2, Phường 12, Quận 10, TP. Hồ Chí Minh','11/02/1991',NULL,'Nữ');
INSERT INTO user_qlch.KHACHHANG(MAKH,HOTEN,SDT,DIACHI,NGAYSINH,GHICHU,GIOITINH) VALUES (user_qlch.SEQ1_MAKH.NEXTVAL,N'Nguyễn Bích Ngọc','0984930565',N'67 Đường Lê Đức Thọ, Phường 13, Quận Gò Vấp, TP. Hồ Chí Minh','31/12/2003',NULL,'Nữ');
INSERT INTO user_qlch.KHACHHANG(MAKH,HOTEN,SDT,DIACHI,NGAYSINH,GHICHU,GIOITINH) VALUES (user_qlch.SEQ1_MAKH.NEXTVAL,N'Nguyễn Cao Thái Sơn','0987056358',N'08 Đường số 4, P. Tăng Nhơn Phú B, TP. Thủ Đức, TP. Hồ Chí Minh','05/02/2001',NULL,'Nam');
INSERT INTO user_qlch.KHACHHANG(MAKH,HOTEN,SDT,DIACHI,NGAYSINH,GHICHU,GIOITINH) VALUES (user_qlch.SEQ1_MAKH.NEXTVAL,N'Hồ Phan Thạch Anh','0321345708',N'62 Đường Hồ Bá Phấn, Phường Phước Long A, TP. Thủ Đức, TP. Hồ Chí Minh','10/04/1996',NULL,'Nam');
INSERT INTO user_qlch.KHACHHANG(MAKH,HOTEN,SDT,DIACHI,NGAYSINH,GHICHU,GIOITINH) VALUES (user_qlch.SEQ1_MAKH.NEXTVAL,N'Võ Bích Trâm','0328994315',N'80 Đường Nguyễn Xiển, Phường Long Bình, TP. Thủ Đức, TP. Hồ Chí Minh ','30/03/2000',NULL,'Nữ');
INSERT INTO user_qlch.KHACHHANG(MAKH,HOTEN,SDT,DIACHI,NGAYSINH,GHICHU,GIOITINH) VALUES (user_qlch.SEQ1_MAKH.NEXTVAL,N'Mai Thị Phượng','0326427497',N'25 Đường Phước Thiện, Phường Long Bình, TP. Thủ Đức, TP. Hồ Chí Minh','03/12/2002',NULL,'Nữ');
INSERT INTO user_qlch.KHACHHANG(MAKH,HOTEN,SDT,DIACHI,NGAYSINH,GHICHU,GIOITINH) VALUES (user_qlch.SEQ1_MAKH.NEXTVAL,N'Võ Thị Quỳnh Nga','0321559785',N'1123 Đường Phạm Văn Đồng, Phường Linh Xuân, TP. Thủ Đức, TP. Hồ Chí Minh','02/06/1997',NULL,'Nữ');
INSERT INTO user_qlch.KHACHHANG(MAKH,HOTEN,SDT,DIACHI,NGAYSINH,GHICHU,GIOITINH) VALUES (user_qlch.SEQ1_MAKH.NEXTVAL,N'Trần Thị Lệ Thanh','0330315012',N'88 Đường Tam Bình, Phường Tam Bình, TP. Thủ Đức, TP. Hồ Chí Minh','13/05/1999',NULL,'Nữ');
INSERT INTO user_qlch.KHACHHANG(MAKH,HOTEN,SDT,DIACHI,NGAYSINH,GHICHU,GIOITINH) VALUES (user_qlch.SEQ1_MAKH.NEXTVAL,N'Hoàng Thị Hoa','0332391120',N'17 Đường Số 2, Phường Trường Thọ, TP. Thủ Đức, TP. Hồ Chí Minh','15/09/1990',NULL,'Nữ');
INSERT INTO user_qlch.KHACHHANG(MAKH,HOTEN,SDT,DIACHI,NGAYSINH,GHICHU,GIOITINH) VALUES (user_qlch.SEQ1_MAKH.NEXTVAL,N'Tô Ngọc Yến','0331322512',N'77 Đường 10, Phường Linh Trung, TP. Thủ Đức, TP. Hồ Chí Minh','18/07/1998',NULL,'Nữ');
INSERT INTO user_qlch.KHACHHANG(MAKH,HOTEN,SDT,DIACHI,NGAYSINH,GHICHU,GIOITINH) VALUES (user_qlch.SEQ1_MAKH.NEXTVAL,N'Nguyễn Thùy Dương','0337713406',N'65 Đường Gò Dầu, Phường Tân Quý, Quận Tân Phú, TP. Hồ Chí Minh ','06/11/2001',NULL,'Nữ');
INSERT INTO user_qlch.KHACHHANG(MAKH,HOTEN,SDT,DIACHI,NGAYSINH,GHICHU,GIOITINH) VALUES (user_qlch.SEQ1_MAKH.NEXTVAL,N'Hồ Thị Bích Phương','0347711730',N'59 Đường Hồ Bá Phấn, Phường Phước Long A, TP. Thủ Đức, TP. Hồ Chí Minh','12/04/1996',NULL,'Nữ');
INSERT INTO user_qlch.KHACHHANG(MAKH,HOTEN,SDT,DIACHI,NGAYSINH,GHICHU,GIOITINH) VALUES (user_qlch.SEQ1_MAKH.NEXTVAL,N'Nguyễn Thị Hòa','0348597025',N'82 Đường Tô Hiệu, Phường Tân Thới Hòa, Quận Tân Phú, TP. Hồ Chí Minh','27/03/1998',NULL,'Nữ');
INSERT INTO user_qlch.KHACHHANG(MAKH,HOTEN,SDT,DIACHI,NGAYSINH,GHICHU,GIOITINH) VALUES (user_qlch.SEQ1_MAKH.NEXTVAL,N'Nguyễn Thị Thúy','0349641501',N'54 Hẻm 27, Đường Nguyễn Văn Săng, Phường Tân Sơn Nhì, Quận Tân Phú, TP. Hồ Chí Minh','03/12/1989',NULL,'Nữ');

--ngày 29/5
INSERT INTO user_qlch.KHACHHANG(MAKH,HOTEN,SDT,DIACHI,NGAYSINH,GHICHU,GIOITINH) VALUES (user_qlch.SEQ1_MAKH.NEXTVAL,N'Nguyễn Văn Quyền','0341823239',N'1123 Đường Phạm Văn Đồng, Phường Linh Xuân, TP. Thủ Đức, TP. Hồ Chí Minh','02/11/1997',NULL,'Nam');
INSERT INTO user_qlch.KHACHHANG(MAKH,HOTEN,SDT,DIACHI,NGAYSINH,GHICHU,GIOITINH) VALUES (user_qlch.SEQ1_MAKH.NEXTVAL,N'Lương Xuân Trường','0351925843',N'72 Đường Tam Bình, Phường Tam Bình, TP. Thủ Đức, TP. Hồ Chí Minh','25/05/1999',NULL,'Nam');
INSERT INTO user_qlch.KHACHHANG(MAKH,HOTEN,SDT,DIACHI,NGAYSINH,GHICHU,GIOITINH) VALUES (user_qlch.SEQ1_MAKH.NEXTVAL,N'Trần Phương Tuyết','0353485811',N'791 Phố Trần Xuân Soạn, Phường Tân Hưng, Quận 7, TP. Hồ Chí Minh','01/09/1992',NULL,'Nữ');
INSERT INTO user_qlch.KHACHHANG(MAKH,HOTEN,SDT,DIACHI,NGAYSINH,GHICHU,GIOITINH) VALUES (user_qlch.SEQ1_MAKH.NEXTVAL,N'Đàm Thị Hoàng Yến','0351952734',N'25 Đường Trần Thiện Chánh, Phường 12, Quận 10, TP. Hồ Chí Minh','12/07/1996',NULL,'Nữ');
INSERT INTO user_qlch.KHACHHANG(MAKH,HOTEN,SDT,DIACHI,NGAYSINH,GHICHU,GIOITINH) VALUES (user_qlch.SEQ1_MAKH.NEXTVAL,N'Trần Thị Mỹ Linh','0359596685',N'287 Đường Trần Quốc Thảo, Phường Võ Thị Sáu, Quận 3, TP. Hồ Chí Minh','06/06/2001',NULL,'Nữ');
INSERT INTO user_qlch.KHACHHANG(MAKH,HOTEN,SDT,DIACHI,NGAYSINH,GHICHU,GIOITINH) VALUES (user_qlch.SEQ1_MAKH.NEXTVAL,N'Nguyễn Thị Như Lài','0363565494',N'62 Võ Văn Tần, Phường 6, Quận 3, Thành phố Hồ Chí Minh','05/06/1998',NULL,'Nữ');
INSERT INTO user_qlch.KHACHHANG(MAKH,HOTEN,SDT,DIACHI,NGAYSINH,GHICHU,GIOITINH) VALUES (user_qlch.SEQ1_MAKH.NEXTVAL,N'Nguyễn Ngọc Ngân','0360532224',N'57 Đ. Lê Văn Duyệt , Phường 3, Quận Bình Thạnh, TP. Hồ Chí Minh','12/12/2001',NULL,'Nữ');
INSERT INTO user_qlch.KHACHHANG(MAKH,HOTEN,SDT,DIACHI,NGAYSINH,GHICHU,GIOITINH) VALUES (user_qlch.SEQ1_MAKH.NEXTVAL,N'Phan Thị Trinh','0368734609',N'1127 Đ. Kha Vạn Cân, P.Linh Chiểu, TP. Thủ Đức, TP. Hồ Chí Minh','19/06/1995',NULL,'Nữ');
INSERT INTO user_qlch.KHACHHANG(MAKH,HOTEN,SDT,DIACHI,NGAYSINH,GHICHU,GIOITINH) VALUES (user_qlch.SEQ1_MAKH.NEXTVAL,N'Lê Linh','0364939336',N'355 Đ. Kha Vạn Cân, P. Hiệp Bình Chánh, TP. Thủ Đức, TP. Hồ Chí Minh','25/10/2001',NULL,'Nữ');
INSERT INTO user_qlch.KHACHHANG(MAKH,HOTEN,SDT,DIACHI,NGAYSINH,GHICHU,GIOITINH) VALUES (user_qlch.SEQ1_MAKH.NEXTVAL,N'Lê Thị Ngọc','0371740419',N'8 Nguyễn Văn Trỗi, Phường 17, Phú Nhuận, Thành phố Hồ Chí Minh','06/11/1999',NULL,'Nữ');
INSERT INTO user_qlch.KHACHHANG(MAKH,HOTEN,SDT,DIACHI,NGAYSINH,GHICHU,GIOITINH) VALUES (user_qlch.SEQ1_MAKH.NEXTVAL,N'Nguyễn Thị Ngọc Ánh','0371640048',N'143 Hồ Văn Huê, Phường 9, Phú Nhuận, Thành phố Hồ Chí Minh','03/09/1988',NULL,'Nữ');
INSERT INTO user_qlch.KHACHHANG(MAKH,HOTEN,SDT,DIACHI,NGAYSINH,GHICHU,GIOITINH) VALUES (user_qlch.SEQ1_MAKH.NEXTVAL,N'Dương Văn Sang','0376278744',N'123/7 Đ. Cao Thắng, Phường 17, Quận Phú Nhuận, TP. Hồ Chí Minh','09/09/1999',NULL,'Nam');
INSERT INTO user_qlch.KHACHHANG(MAKH,HOTEN,SDT,DIACHI,NGAYSINH,GHICHU,GIOITINH) VALUES (user_qlch.SEQ1_MAKH.NEXTVAL,N'Nguyễn Thị Cẩm Thơ','0377055009',N'17 Đường số 4, P. Tăng Nhơn Phú B, TP. Thủ Đức, TP. Hồ Chí Minh','28/12/2001',NULL,'Nữ');

--ngày 31/5
INSERT INTO user_qlch.KHACHHANG(MAKH,HOTEN,SDT,DIACHI,NGAYSINH,GHICHU,GIOITINH) VALUES (user_qlch.SEQ1_MAKH.NEXTVAL,N'Nguyễn Phan Kỳ Anh','0779575741',N'18 Đường Nguyễn Hữu Cảnh, Phường 22, Quận Bình Thạnh, TP. Hồ Chí Minh','20/03/1999',NULL,'Nam');
INSERT INTO user_qlch.KHACHHANG(MAKH,HOTEN,SDT,DIACHI,NGAYSINH,GHICHU,GIOITINH) VALUES (user_qlch.SEQ1_MAKH.NEXTVAL,N'Hồ Mai Phương','0775144999',N'16 Đường Bạch Đằng, Phường 24, Quận Bình Thạnh, TP. Hồ Chí Minh','22/05/1998',NULL,'Nữ');
INSERT INTO user_qlch.KHACHHANG(MAKH,HOTEN,SDT,DIACHI,NGAYSINH,GHICHU,GIOITINH) VALUES (user_qlch.SEQ1_MAKH.NEXTVAL,N'Nguyễn Bảo Trâm','0791101760',N'69 Đường Lê Văn Lương, Xã Phước Kiển, Huyện Nhà Bè, TP. Hồ Chí Minh','29/12/1993',NULL,'Nữ');
INSERT INTO user_qlch.KHACHHANG(MAKH,HOTEN,SDT,DIACHI,NGAYSINH,GHICHU,GIOITINH) VALUES (user_qlch.SEQ1_MAKH.NEXTVAL,N'Võ Thị Hiếu','0704451594',N'2 Đường 10, Phường An Lạc A, Quận Bình Tân, TP. Hồ Chí Minh','21/06/2000',NULL,'Nữ');
INSERT INTO user_qlch.KHACHHANG(MAKH,HOTEN,SDT,DIACHI,NGAYSINH,GHICHU,GIOITINH) VALUES (user_qlch.SEQ1_MAKH.NEXTVAL,N'Dương Văn Quý','0764788479',N'37 Đường Nguyễn Khoái, Phường 2, Quận 4, TP. Hồ Chí Minh','12/07/1991',NULL,'Nam');
INSERT INTO user_qlch.KHACHHANG(MAKH,HOTEN,SDT,DIACHI,NGAYSINH,GHICHU,GIOITINH) VALUES (user_qlch.SEQ1_MAKH.NEXTVAL,N'Ngô Thị Hằng Nga','0781497396',N'43/36 Đường Tân Hòa Đông, Phường 14, Quận 6, TP. Hồ Chí Minh','20/04/1995',NULL,'Nữ');
INSERT INTO user_qlch.KHACHHANG(MAKH,HOTEN,SDT,DIACHI,NGAYSINH,GHICHU,GIOITINH) VALUES (user_qlch.SEQ1_MAKH.NEXTVAL,N'Nguyễn Thanh Thúy','0704501637',N'108 Đường Phan Anh, Phường Tân Thới Hòa, Quận Tân Phú, TP. Hồ Chí Minh','11/09/2003',NULL,'Nữ');
INSERT INTO user_qlch.KHACHHANG(MAKH,HOTEN,SDT,DIACHI,NGAYSINH,GHICHU,GIOITINH) VALUES (user_qlch.SEQ1_MAKH.NEXTVAL,N'Đỗ Thị Mỹ Linh','0774839620',N'109/10, Đường Trương Văn Hải, Phường Hiệp Phú, TP. Thủ Đức - TP. Hồ Chí Minh','06/12/1999',NULL,'Nữ');
INSERT INTO user_qlch.KHACHHANG(MAKH,HOTEN,SDT,DIACHI,NGAYSINH,GHICHU,GIOITINH) VALUES (user_qlch.SEQ1_MAKH.NEXTVAL,N'Nguyễn Phương Anh','0761707758',N'125 Đường Dương Đình Hội, Phường Tăng Nhơn Phú B, TP. Thủ Đức - TP. Hồ Chí Minh','11/11/2001',NULL,'Nữ');
INSERT INTO user_qlch.KHACHHANG(MAKH,HOTEN,SDT,DIACHI,NGAYSINH,GHICHU,GIOITINH) VALUES (user_qlch.SEQ1_MAKH.NEXTVAL,N'Phan Hoài Thương','0782968318',N'35 Đường Nguyễn Thái Bình, Phường 12, Quận Tân Bình, TP. Hồ Chí Minh','17/09/1992',NULL,'Nữ');
INSERT INTO  user_qlch.KHACHHANG(MAKH,HOTEN,SDT,DIACHI,NGAYSINH,GHICHU,GIOITINH) VALUES (user_qlch.SEQ1_MAKH.NEXTVAL,N'Trần Lê Bảo Ngọc','0769759828',N'1124 Đường Kha Vạn Cân, Phường Linh Chiểu, TP. Thủ Đức - TP. Hồ Chí Minh','07/07/2002',NULL,'Nữ');
INSERT INTO user_qlch.KHACHHANG(MAKH,HOTEN,SDT,DIACHI,NGAYSINH,GHICHU,GIOITINH) VALUES (user_qlch.SEQ1_MAKH.NEXTVAL,N'Nguyễn Ngọc Trinh','0780913348',N'50 Phố Hai Bà Trưng, Phường Võ Thị Sáu, Quận 3, TP. Hồ Chí Minh','05/11/2003',NULL,'Nữ');
INSERT INTO user_qlch.KHACHHANG(MAKH,HOTEN,SDT,DIACHI,NGAYSINH,GHICHU,GIOITINH) VALUES (user_qlch.SEQ1_MAKH.NEXTVAL,N'Huỳnh Thị Mỹ Phương','0777824648',N'117 Đường Phan Văn Đáng, Phường Thạnh Mỹ Lợi, TP. Thủ Đức - TP. Hồ Chí Minh','12/01/2001',NULL,'Nữ');
INSERT INTO user_qlch.KHACHHANG(MAKH,HOTEN,SDT,DIACHI,NGAYSINH,GHICHU,GIOITINH) VALUES (user_qlch.SEQ1_MAKH.NEXTVAL,N'Nguyễn Thị Thùy Nhung','0787140566',N'56 Hẻm 506, Đường Lạc Long Quân, Phường 5, Quận 11, TP. Hồ Chí Minh','15/08/2002',NULL,'Nữ');
INSERT INTO user_qlch.KHACHHANG(MAKH,HOTEN,SDT,DIACHI,NGAYSINH,GHICHU,GIOITINH) VALUES (user_qlch.SEQ1_MAKH.NEXTVAL,N'Hà Duy Thắng','0701848045',N'112 Đường Âu Cơ, Phường 9, Quận 11, TP. Hồ Chí Minh','24/10/2001',NULL,'Nam');
INSERT INTO user_qlch.KHACHHANG(MAKH,HOTEN,SDT,DIACHI,NGAYSINH,GHICHU,GIOITINH) VALUES (user_qlch.SEQ1_MAKH.NEXTVAL,N'Cao Ngọc Bích','0765656761',N'66/42 Đường Hoàng Hoa Thám, Phường 5, Quận Phú Nhuận, TP. Hồ Chí Minh','06/10/1999',NULL,'Nữ');
INSERT INTO user_qlch.KHACHHANG(MAKH,HOTEN,SDT,DIACHI,NGAYSINH,GHICHU,GIOITINH) VALUES (user_qlch.SEQ1_MAKH.NEXTVAL,N'Nguyễn Thị Sương','0796466930',N'81 Quốc Lộ 22, Xã Bà Điểm, Huyện Hóc Môn, TP. Hồ Chí Minh','03/03/1998',NULL,'Nữ');
INSERT INTO user_qlch.KHACHHANG(MAKH,HOTEN,SDT,DIACHI,NGAYSINH,GHICHU,GIOITINH) VALUES (user_qlch.SEQ1_MAKH.NEXTVAL,N'Trịnh Văn Quân','0706702253',N'61 Đường Hồng Bàng, Phường 12, Quận 5, TP. Hồ Chí Minh','09/02/2000',NULL,'Nam');
INSERT INTO user_qlch.KHACHHANG(MAKH,HOTEN,SDT,DIACHI,NGAYSINH,GHICHU,GIOITINH) VALUES (user_qlch.SEQ1_MAKH.NEXTVAL,N'Phan Việt Ngọc','0798733463',N'55 Đường Huỳnh Tấn Phát, Phường Phú Mỹ, Quận 7, TP. Hồ Chí Minh','03/09/2001',NULL,'Nữ');

/*============================= Tạo Hóa Đơn ==============================*/
--Ngày 27/5 
INSERT INTO user_qlch.HOADON(SOHD, MANV, MAKH) VALUES(user_qlch.SEQ7_SOHD.NEXTVAL, 7, 1);
INSERT INTO user_qlch.HOADON(SOHD, MANV, MAKH) VALUES(user_qlch.SEQ7_SOHD.NEXTVAL, 8, 2);
INSERT INTO user_qlch.HOADON(SOHD, MANV, MAKH) VALUES(user_qlch.SEQ7_SOHD.NEXTVAL, 9, 3);
INSERT INTO user_qlch.HOADON(SOHD, MANV, MAKH) VALUES(user_qlch.SEQ7_SOHD.NEXTVAL, 7, NULL);
INSERT INTO user_qlch.HOADON(SOHD, MANV, MAKH) VALUES(user_qlch.SEQ7_SOHD.NEXTVAL, 8, 4);
INSERT INTO user_qlch.HOADON(SOHD, MANV, MAKH) VALUES(user_qlch.SEQ7_SOHD.NEXTVAL, 9, NULL);
INSERT INTO user_qlch.HOADON(SOHD, MANV, MAKH) VALUES(user_qlch.SEQ7_SOHD.NEXTVAL, 7, 5);
INSERT INTO user_qlch.HOADON(SOHD, MANV, MAKH) VALUES(user_qlch.SEQ7_SOHD.NEXTVAL, 8, 6);
INSERT INTO user_qlch.HOADON(SOHD, MANV, MAKH) VALUES(user_qlch.SEQ7_SOHD.NEXTVAL, 9, NULL);
INSERT INTO user_qlch.HOADON(SOHD, MANV, MAKH) VALUES(user_qlch.SEQ7_SOHD.NEXTVAL, 7, NULL);
INSERT INTO user_qlch.HOADON(SOHD, MANV, MAKH) VALUES(user_qlch.SEQ7_SOHD.NEXTVAL, 8, NULL);
INSERT INTO user_qlch.HOADON(SOHD, MANV, MAKH) VALUES(user_qlch.SEQ7_SOHD.NEXTVAL, 9, 7);
INSERT INTO user_qlch.HOADON(SOHD, MANV, MAKH) VALUES(user_qlch.SEQ7_SOHD.NEXTVAL, 7, 8);
INSERT INTO user_qlch.HOADON(SOHD, MANV, MAKH) VALUES(user_qlch.SEQ7_SOHD.NEXTVAL, 8, 9);
INSERT INTO user_qlch.HOADON(SOHD, MANV, MAKH) VALUES(user_qlch.SEQ7_SOHD.NEXTVAL, 9, 10);
INSERT INTO user_qlch.HOADON(SOHD, MANV, MAKH) VALUES(user_qlch.SEQ7_SOHD.NEXTVAL, 7, NULL);
INSERT INTO user_qlch.HOADON(SOHD, MANV, MAKH) VALUES(user_qlch.SEQ7_SOHD.NEXTVAL, 8, NULL);
INSERT INTO user_qlch.HOADON(SOHD, MANV, MAKH) VALUES(user_qlch.SEQ7_SOHD.NEXTVAL, 9, NULL);
INSERT INTO user_qlch.HOADON(SOHD, MANV, MAKH) VALUES(user_qlch.SEQ7_SOHD.NEXTVAL, 7, NULL);
INSERT INTO user_qlch.HOADON(SOHD, MANV, MAKH) VALUES(user_qlch.SEQ7_SOHD.NEXTVAL, 8, NULL);
INSERT INTO user_qlch.HOADON(SOHD, MANV, MAKH) VALUES(user_qlch.SEQ7_SOHD.NEXTVAL, 9, NULL);
INSERT INTO user_qlch.HOADON(SOHD, MANV, MAKH) VALUES(user_qlch.SEQ7_SOHD.NEXTVAL, 7, NULL);
INSERT INTO user_qlch.HOADON(SOHD, MANV, MAKH) VALUES(user_qlch.SEQ7_SOHD.NEXTVAL, 8, 11);
INSERT INTO user_qlch.HOADON(SOHD, MANV, MAKH) VALUES(user_qlch.SEQ7_SOHD.NEXTVAL, 9, NULL);
INSERT INTO user_qlch.HOADON(SOHD, MANV, MAKH) VALUES(user_qlch.SEQ7_SOHD.NEXTVAL, 7, NULL);
INSERT INTO user_qlch.HOADON(SOHD, MANV, MAKH) VALUES(user_qlch.SEQ7_SOHD.NEXTVAL, 8, NULL);
INSERT INTO user_qlch.HOADON(SOHD, MANV, MAKH) VALUES(user_qlch.SEQ7_SOHD.NEXTVAL, 9, NULL);
INSERT INTO user_qlch.HOADON(SOHD, MANV, MAKH) VALUES(user_qlch.SEQ7_SOHD.NEXTVAL, 7, NULL);
INSERT INTO user_qlch.HOADON(SOHD, MANV, MAKH) VALUES(user_qlch.SEQ7_SOHD.NEXTVAL, 8, 12);
INSERT INTO user_qlch.HOADON(SOHD, MANV, MAKH) VALUES(user_qlch.SEQ7_SOHD.NEXTVAL, 9, 13);
INSERT INTO user_qlch.HOADON(SOHD, MANV, MAKH) VALUES(user_qlch.SEQ7_SOHD.NEXTVAL, 7, NULL);
INSERT INTO user_qlch.HOADON(SOHD, MANV, MAKH) VALUES(user_qlch.SEQ7_SOHD.NEXTVAL, 8, 14);
INSERT INTO user_qlch.HOADON(SOHD, MANV, MAKH) VALUES(user_qlch.SEQ7_SOHD.NEXTVAL, 9, NULL);
INSERT INTO user_qlch.HOADON(SOHD, MANV, MAKH) VALUES(user_qlch.SEQ7_SOHD.NEXTVAL, 7, NULL);
INSERT INTO user_qlch.HOADON(SOHD, MANV, MAKH) VALUES(user_qlch.SEQ7_SOHD.NEXTVAL, 8, 15);
INSERT INTO user_qlch.HOADON(SOHD, MANV, MAKH) VALUES(user_qlch.SEQ7_SOHD.NEXTVAL, 9, 16);

--Ngày 28/5 
COMMIT;
INSERT INTO user_qlch.HOADON(SOHD, MANV, MAKH) VALUES(user_qlch.SEQ7_SOHD.NEXTVAL, 7, NULL);
INSERT INTO user_qlch.HOADON(SOHD, MANV, MAKH) VALUES(user_qlch.SEQ7_SOHD.NEXTVAL, 8, NULL);
INSERT INTO user_qlch.HOADON(SOHD, MANV, MAKH) VALUES(user_qlch.SEQ7_SOHD.NEXTVAL, 9, NULL);
INSERT INTO user_qlch.HOADON(SOHD, MANV, MAKH) VALUES(user_qlch.SEQ7_SOHD.NEXTVAL, 7, NULL);
INSERT INTO user_qlch.HOADON(SOHD, MANV, MAKH) VALUES(user_qlch.SEQ7_SOHD.NEXTVAL, 7, NULL);
INSERT INTO user_qlch.HOADON(SOHD, MANV, MAKH) VALUES(user_qlch.SEQ7_SOHD.NEXTVAL, 7, NULL);
INSERT INTO user_qlch.HOADON(SOHD, MANV, MAKH) VALUES(user_qlch.SEQ7_SOHD.NEXTVAL, 9, 17);
INSERT INTO user_qlch.HOADON(SOHD, MANV, MAKH) VALUES(user_qlch.SEQ7_SOHD.NEXTVAL, 7, 18);
INSERT INTO user_qlch.HOADON(SOHD, MANV, MAKH) VALUES(user_qlch.SEQ7_SOHD.NEXTVAL, 8, 19);
INSERT INTO user_qlch.HOADON(SOHD, MANV, MAKH) VALUES(user_qlch.SEQ7_SOHD.NEXTVAL, 9, 20);
INSERT INTO user_qlch.HOADON(SOHD, MANV, MAKH) VALUES(user_qlch.SEQ7_SOHD.NEXTVAL, 8, 21);
INSERT INTO user_qlch.HOADON(SOHD, MANV, MAKH) VALUES(user_qlch.SEQ7_SOHD.NEXTVAL, 9, 22);
INSERT INTO user_qlch.HOADON(SOHD, MANV, MAKH) VALUES(user_qlch.SEQ7_SOHD.NEXTVAL, 7, NULL);
INSERT INTO user_qlch.HOADON(SOHD, MANV, MAKH) VALUES(user_qlch.SEQ7_SOHD.NEXTVAL, 8, 23);
INSERT INTO user_qlch.HOADON(SOHD, MANV, MAKH) VALUES(user_qlch.SEQ7_SOHD.NEXTVAL, 8, 24);
INSERT INTO user_qlch.HOADON(SOHD, MANV, MAKH) VALUES(user_qlch.SEQ7_SOHD.NEXTVAL, 8, 25);
INSERT INTO user_qlch.HOADON(SOHD, MANV, MAKH) VALUES(user_qlch.SEQ7_SOHD.NEXTVAL, 7, NULL);
INSERT INTO user_qlch.HOADON(SOHD, MANV, MAKH) VALUES(user_qlch.SEQ7_SOHD.NEXTVAL, 8, NULL);
INSERT INTO user_qlch.HOADON(SOHD, MANV, MAKH) VALUES(user_qlch.SEQ7_SOHD.NEXTVAL, 8, NULL);
INSERT INTO user_qlch.HOADON(SOHD, MANV, MAKH) VALUES(user_qlch.SEQ7_SOHD.NEXTVAL, 9, NULL);
INSERT INTO user_qlch.HOADON(SOHD, MANV, MAKH) VALUES(user_qlch.SEQ7_SOHD.NEXTVAL, 9, 26);
INSERT INTO user_qlch.HOADON(SOHD, MANV, MAKH) VALUES(user_qlch.SEQ7_SOHD.NEXTVAL, 7, 27);
INSERT INTO user_qlch.HOADON(SOHD, MANV, MAKH) VALUES(user_qlch.SEQ7_SOHD.NEXTVAL, 8, 28);
INSERT INTO user_qlch.HOADON(SOHD, MANV, MAKH) VALUES(user_qlch.SEQ7_SOHD.NEXTVAL, 9, 29);
INSERT INTO user_qlch.HOADON(SOHD, MANV, MAKH) VALUES(user_qlch.SEQ7_SOHD.NEXTVAL, 9, 30);
INSERT INTO user_qlch.HOADON(SOHD, MANV, MAKH) VALUES(user_qlch.SEQ7_SOHD.NEXTVAL, 9, 31);
INSERT INTO user_qlch.HOADON(SOHD, MANV, MAKH) VALUES(user_qlch.SEQ7_SOHD.NEXTVAL, 7, 32);
INSERT INTO user_qlch.HOADON(SOHD, MANV, MAKH) VALUES(user_qlch.SEQ7_SOHD.NEXTVAL, 8, 33);
INSERT INTO user_qlch.HOADON(SOHD, MANV, MAKH) VALUES(user_qlch.SEQ7_SOHD.NEXTVAL, 9, 34);
INSERT INTO user_qlch.HOADON(SOHD, MANV, MAKH) VALUES(user_qlch.SEQ7_SOHD.NEXTVAL, 7, 35);
INSERT INTO user_qlch.HOADON(SOHD, MANV, MAKH) VALUES(user_qlch.SEQ7_SOHD.NEXTVAL, 9, NULL);
INSERT INTO user_qlch.HOADON(SOHD, MANV, MAKH) VALUES(user_qlch.SEQ7_SOHD.NEXTVAL, 7, NULL);
INSERT INTO user_qlch.HOADON(SOHD, MANV, MAKH) VALUES(user_qlch.SEQ7_SOHD.NEXTVAL, 8, NULL);
INSERT INTO user_qlch.HOADON(SOHD, MANV, MAKH) VALUES(user_qlch.SEQ7_SOHD.NEXTVAL, 8, NULL);
INSERT INTO user_qlch.HOADON(SOHD, MANV, MAKH) VALUES(user_qlch.SEQ7_SOHD.NEXTVAL, 9, NULL);

--Ngày 29/5
INSERT INTO user_qlch.HOADON(SOHD, MANV, MAKH) VALUES(user_qlch.SEQ7_SOHD.NEXTVAL, 7, NULL);
INSERT INTO user_qlch.HOADON(SOHD, MANV, MAKH) VALUES(user_qlch.SEQ7_SOHD.NEXTVAL, 7, 36);
INSERT INTO user_qlch.HOADON(SOHD, MANV, MAKH) VALUES(user_qlch.SEQ7_SOHD.NEXTVAL, 8, NULL);
INSERT INTO user_qlch.HOADON(SOHD, MANV, MAKH) VALUES(user_qlch.SEQ7_SOHD.NEXTVAL, 7, NULL);
INSERT INTO user_qlch.HOADON(SOHD, MANV, MAKH) VALUES(user_qlch.SEQ7_SOHD.NEXTVAL, 9, 37);
INSERT INTO user_qlch.HOADON(SOHD, MANV, MAKH) VALUES(user_qlch.SEQ7_SOHD.NEXTVAL, 7, 38);
INSERT INTO user_qlch.HOADON(SOHD, MANV, MAKH) VALUES(user_qlch.SEQ7_SOHD.NEXTVAL, 8, NULL);
INSERT INTO user_qlch.HOADON(SOHD, MANV, MAKH) VALUES(user_qlch.SEQ7_SOHD.NEXTVAL, 9, 39);
INSERT INTO user_qlch.HOADON(SOHD, MANV, MAKH) VALUES(user_qlch.SEQ7_SOHD.NEXTVAL, 9, 40);
INSERT INTO user_qlch.HOADON(SOHD, MANV, MAKH) VALUES(user_qlch.SEQ7_SOHD.NEXTVAL, 9, 41);
INSERT INTO user_qlch.HOADON(SOHD, MANV, MAKH) VALUES(user_qlch.SEQ7_SOHD.NEXTVAL, 7, NULL);
INSERT INTO user_qlch.HOADON(SOHD, MANV, MAKH) VALUES(user_qlch.SEQ7_SOHD.NEXTVAL, 8, NULL);
INSERT INTO user_qlch.HOADON(SOHD, MANV, MAKH) VALUES(user_qlch.SEQ7_SOHD.NEXTVAL, 9, NULL);
INSERT INTO user_qlch.HOADON(SOHD, MANV, MAKH) VALUES(user_qlch.SEQ7_SOHD.NEXTVAL, 7, NULL);
INSERT INTO user_qlch.HOADON(SOHD, MANV, MAKH) VALUES(user_qlch.SEQ7_SOHD.NEXTVAL, 8, 42);
INSERT INTO user_qlch.HOADON(SOHD, MANV, MAKH) VALUES(user_qlch.SEQ7_SOHD.NEXTVAL, 9, 43);
INSERT INTO user_qlch.HOADON(SOHD, MANV, MAKH) VALUES(user_qlch.SEQ7_SOHD.NEXTVAL, 8, 44);
INSERT INTO user_qlch.HOADON(SOHD, MANV, MAKH) VALUES(user_qlch.SEQ7_SOHD.NEXTVAL, 8, 45);
INSERT INTO user_qlch.HOADON(SOHD, MANV, MAKH) VALUES(user_qlch.SEQ7_SOHD.NEXTVAL, 7, NULL);
INSERT INTO user_qlch.HOADON(SOHD, MANV, MAKH) VALUES(user_qlch.SEQ7_SOHD.NEXTVAL, 9, NULL);
INSERT INTO user_qlch.HOADON(SOHD, MANV, MAKH) VALUES(user_qlch.SEQ7_SOHD.NEXTVAL, 9, 45);
INSERT INTO user_qlch.HOADON(SOHD, MANV, MAKH) VALUES(user_qlch.SEQ7_SOHD.NEXTVAL, 7, 46);
INSERT INTO user_qlch.HOADON(SOHD, MANV, MAKH) VALUES(user_qlch.SEQ7_SOHD.NEXTVAL, 8, 47);
INSERT INTO user_qlch.HOADON(SOHD, MANV, MAKH) VALUES(user_qlch.SEQ7_SOHD.NEXTVAL, 9, 48);
INSERT INTO user_qlch.HOADON(SOHD, MANV, MAKH) VALUES(user_qlch.SEQ7_SOHD.NEXTVAL, 7, NULL);
INSERT INTO user_qlch.HOADON(SOHD, MANV, MAKH) VALUES(user_qlch.SEQ7_SOHD.NEXTVAL, 8, NULL);
INSERT INTO user_qlch.HOADON(SOHD, MANV, MAKH) VALUES(user_qlch.SEQ7_SOHD.NEXTVAL, 9, NULL);

--Ngày 31/5 
INSERT INTO user_qlch.HOADON(SOHD, MANV, MAKH) VALUES(user_qlch.SEQ7_SOHD.NEXTVAL, 7, NULL);
INSERT INTO user_qlch.HOADON(SOHD, MANV, MAKH) VALUES(user_qlch.SEQ7_SOHD.NEXTVAL, 8, NULL);
INSERT INTO user_qlch.HOADON(SOHD, MANV, MAKH) VALUES(user_qlch.SEQ7_SOHD.NEXTVAL, 9, NULL);
INSERT INTO user_qlch.HOADON(SOHD, MANV, MAKH) VALUES(user_qlch.SEQ7_SOHD.NEXTVAL, 7, NULL);
INSERT INTO user_qlch.HOADON(SOHD, MANV, MAKH) VALUES(user_qlch.SEQ7_SOHD.NEXTVAL, 7, 49);
INSERT INTO user_qlch.HOADON(SOHD, MANV, MAKH) VALUES(user_qlch.SEQ7_SOHD.NEXTVAL, 8, 50);
INSERT INTO user_qlch.HOADON(SOHD, MANV, MAKH) VALUES(user_qlch.SEQ7_SOHD.NEXTVAL, 9, NULL);
INSERT INTO user_qlch.HOADON(SOHD, MANV, MAKH) VALUES(user_qlch.SEQ7_SOHD.NEXTVAL, 9, NULL);
INSERT INTO user_qlch.HOADON(SOHD, MANV, MAKH) VALUES(user_qlch.SEQ7_SOHD.NEXTVAL, 8, 51);
INSERT INTO user_qlch.HOADON(SOHD, MANV, MAKH) VALUES(user_qlch.SEQ7_SOHD.NEXTVAL, 9, NULL);
INSERT INTO user_qlch.HOADON(SOHD, MANV, MAKH) VALUES(user_qlch.SEQ7_SOHD.NEXTVAL, 7, NULL);
INSERT INTO user_qlch.HOADON(SOHD, MANV, MAKH) VALUES(user_qlch.SEQ7_SOHD.NEXTVAL, 8, NULL);
INSERT INTO user_qlch.HOADON(SOHD, MANV, MAKH) VALUES(user_qlch.SEQ7_SOHD.NEXTVAL, 9, 52);
INSERT INTO user_qlch.HOADON(SOHD, MANV, MAKH) VALUES(user_qlch.SEQ7_SOHD.NEXTVAL, 8, 53);
INSERT INTO user_qlch.HOADON(SOHD, MANV, MAKH) VALUES(user_qlch.SEQ7_SOHD.NEXTVAL, 9, 54);
INSERT INTO user_qlch.HOADON(SOHD, MANV, MAKH) VALUES(user_qlch.SEQ7_SOHD.NEXTVAL, 8, NULL);
INSERT INTO user_qlch.HOADON(SOHD, MANV, MAKH) VALUES(user_qlch.SEQ7_SOHD.NEXTVAL, 9, NULL);
INSERT INTO user_qlch.HOADON(SOHD, MANV, MAKH) VALUES(user_qlch.SEQ7_SOHD.NEXTVAL, 7, 55);
INSERT INTO user_qlch.HOADON(SOHD, MANV, MAKH) VALUES(user_qlch.SEQ7_SOHD.NEXTVAL, 8, 56);
INSERT INTO user_qlch.HOADON(SOHD, MANV, MAKH) VALUES(user_qlch.SEQ7_SOHD.NEXTVAL, 9, NULL);
INSERT INTO user_qlch.HOADON(SOHD, MANV, MAKH) VALUES(user_qlch.SEQ7_SOHD.NEXTVAL, 7, NULL);
INSERT INTO user_qlch.HOADON(SOHD, MANV, MAKH) VALUES(user_qlch.SEQ7_SOHD.NEXTVAL, 8, NULL);
INSERT INTO user_qlch.HOADON(SOHD, MANV, MAKH) VALUES(user_qlch.SEQ7_SOHD.NEXTVAL, 9, NULL);
INSERT INTO user_qlch.HOADON(SOHD, MANV, MAKH) VALUES(user_qlch.SEQ7_SOHD.NEXTVAL, 7, NULL);
INSERT INTO user_qlch.HOADON(SOHD, MANV, MAKH) VALUES(user_qlch.SEQ7_SOHD.NEXTVAL, 7, 57);
INSERT INTO user_qlch.HOADON(SOHD, MANV, MAKH) VALUES(user_qlch.SEQ7_SOHD.NEXTVAL, 8, 58);
INSERT INTO user_qlch.HOADON(SOHD, MANV, MAKH) VALUES(user_qlch.SEQ7_SOHD.NEXTVAL, 9, 59);
INSERT INTO user_qlch.HOADON(SOHD, MANV, MAKH) VALUES(user_qlch.SEQ7_SOHD.NEXTVAL, 7, NULL);
INSERT INTO user_qlch.HOADON(SOHD, MANV, MAKH) VALUES(user_qlch.SEQ7_SOHD.NEXTVAL, 7, NULL);
INSERT INTO user_qlch.HOADON(SOHD, MANV, MAKH) VALUES(user_qlch.SEQ7_SOHD.NEXTVAL, 9, NULL);
INSERT INTO user_qlch.HOADON(SOHD, MANV, MAKH) VALUES(user_qlch.SEQ7_SOHD.NEXTVAL, 8, NULL);
INSERT INTO user_qlch.HOADON(SOHD, MANV, MAKH) VALUES(user_qlch.SEQ7_SOHD.NEXTVAL, 9, NULL);
INSERT INTO user_qlch.HOADON(SOHD, MANV, MAKH) VALUES(user_qlch.SEQ7_SOHD.NEXTVAL, 7, 60);
INSERT INTO user_qlch.HOADON(SOHD, MANV, MAKH) VALUES(user_qlch.SEQ7_SOHD.NEXTVAL, 8, 61);
INSERT INTO user_qlch.HOADON(SOHD, MANV, MAKH) VALUES(user_qlch.SEQ7_SOHD.NEXTVAL, 9, NULL);
INSERT INTO user_qlch.HOADON(SOHD, MANV, MAKH) VALUES(user_qlch.SEQ7_SOHD.NEXTVAL, 7, 62);
INSERT INTO user_qlch.HOADON(SOHD, MANV, MAKH) VALUES(user_qlch.SEQ7_SOHD.NEXTVAL, 8, NULL);
INSERT INTO user_qlch.HOADON(SOHD, MANV, MAKH) VALUES(user_qlch.SEQ7_SOHD.NEXTVAL, 9, NULL);
INSERT INTO user_qlch.HOADON(SOHD, MANV, MAKH) VALUES(user_qlch.SEQ7_SOHD.NEXTVAL, 7, NULL);
INSERT INTO user_qlch.HOADON(SOHD, MANV, MAKH) VALUES(user_qlch.SEQ7_SOHD.NEXTVAL, 8, 63);
INSERT INTO user_qlch.HOADON(SOHD, MANV, MAKH) VALUES(user_qlch.SEQ7_SOHD.NEXTVAL, 9, NULL);
INSERT INTO user_qlch.HOADON(SOHD, MANV, MAKH) VALUES(user_qlch.SEQ7_SOHD.NEXTVAL, 8, 64);
INSERT INTO user_qlch.HOADON(SOHD, MANV, MAKH) VALUES(user_qlch.SEQ7_SOHD.NEXTVAL, 9, NULL);
INSERT INTO user_qlch.HOADON(SOHD, MANV, MAKH) VALUES(user_qlch.SEQ7_SOHD.NEXTVAL, 7, NULL);
INSERT INTO user_qlch.HOADON(SOHD, MANV, MAKH) VALUES(user_qlch.SEQ7_SOHD.NEXTVAL, 8, 65);
INSERT INTO user_qlch.HOADON(SOHD, MANV, MAKH) VALUES(user_qlch.SEQ7_SOHD.NEXTVAL, 9, NULL);
INSERT INTO user_qlch.HOADON(SOHD, MANV, MAKH) VALUES(user_qlch.SEQ7_SOHD.NEXTVAL, 8, 66);
INSERT INTO user_qlch.HOADON(SOHD, MANV, MAKH) VALUES(user_qlch.SEQ7_SOHD.NEXTVAL, 8, 67);
INSERT INTO user_qlch.HOADON(SOHD, MANV, MAKH) VALUES(user_qlch.SEQ7_SOHD.NEXTVAL, 9, NULL);

/*===================== Thêm sản phẩm vào hóa đơn - CTHD =====================*/
--Ngày 27/5
SELECT * FROM user_qlch.CTHD;
DELETE FROM user_qlch.CTHD;
INSERT INTO user_qlch.CTHD(SOHD,MASP,SOLUONG) VALUES(1, 137, 1); --Sản phẩm là bó hồng AOI, sau khi bán đi slsan của sp này từ 8 còn 7
INSERT INTO user_qlch.CTHD(SOHD,MASP,SOLUONG) VALUES(1, 161, 1); --Sản phẩm là thiệp CHÚC MỘT NGÀY TỐT LANH, sau khi bán đi slsan của sp này từ 60 còn 59
INSERT INTO user_qlch.CTHD(SOHD,MASP,SOLUONG) VALUES(2, 7, 10);   
INSERT INTO user_qlch.CTHD(SOHD,MASP,SOLUONG) VALUES(3, 17, 15);
INSERT INTO user_qlch.CTHD(SOHD,MASP,SOLUONG) VALUES(3, 20, 10);
INSERT INTO user_qlch.CTHD(SOHD,MASP,SOLUONG) VALUES(4, 29, 3);
INSERT INTO user_qlch.CTHD(SOHD,MASP,SOLUONG) VALUES(5, 55, 1);
INSERT INTO user_qlch.CTHD(SOHD,MASP,SOLUONG) VALUES(5, 90, 3);
INSERT INTO user_qlch.CTHD(SOHD,MASP,SOLUONG) VALUES(6, 127, 1);
INSERT INTO user_qlch.CTHD(SOHD,MASP,SOLUONG) VALUES(7, 20, 10);
INSERT INTO user_qlch.CTHD(SOHD,MASP,SOLUONG) VALUES(8, 2, 5);
INSERT INTO user_qlch.CTHD(SOHD,MASP,SOLUONG) VALUES(8, 121, 1);
INSERT INTO user_qlch.CTHD(SOHD,MASP,SOLUONG) VALUES(9, 7, 10);   
INSERT INTO user_qlch.CTHD(SOHD,MASP,SOLUONG) VALUES(10, 17, 15);
INSERT INTO user_qlch.CTHD(SOHD,MASP,SOLUONG) VALUES(11, 20, 10);
INSERT INTO user_qlch.CTHD(SOHD,MASP,SOLUONG) VALUES(12, 134, 1);
INSERT INTO user_qlch.CTHD(SOHD,MASP,SOLUONG) VALUES(12, 157, 1);
INSERT INTO user_qlch.CTHD(SOHD,MASP,SOLUONG) VALUES(13, 5, 10);
INSERT INTO user_qlch.CTHD(SOHD,MASP,SOLUONG) VALUES(14, 4, 30);
INSERT INTO user_qlch.CTHD(SOHD,MASP,SOLUONG) VALUES(15, 21, 30);
INSERT INTO user_qlch.CTHD(SOHD,MASP,SOLUONG) VALUES(16, 12, 50);
INSERT INTO user_qlch.CTHD(SOHD,MASP,SOLUONG) VALUES(16, 123, 1);
INSERT INTO user_qlch.CTHD(SOHD,MASP,SOLUONG) VALUES(17, 9, 10);   
INSERT INTO user_qlch.CTHD(SOHD,MASP,SOLUONG) VALUES(18, 25, 3);
INSERT INTO user_qlch.CTHD(SOHD,MASP,SOLUONG) VALUES(19, 39, 10);
INSERT INTO user_qlch.CTHD(SOHD,MASP,SOLUONG) VALUES(20, 48, 5);
INSERT INTO user_qlch.CTHD(SOHD,MASP,SOLUONG) VALUES(21, 51, 3);
INSERT INTO user_qlch.CTHD(SOHD,MASP,SOLUONG) VALUES(22, 67, 7);
INSERT INTO user_qlch.CTHD(SOHD,MASP,SOLUONG) VALUES(23, 62, 10);
INSERT INTO user_qlch.CTHD(SOHD,MASP,SOLUONG) VALUES(23, 160, 1);
INSERT INTO user_qlch.CTHD(SOHD,MASP,SOLUONG) VALUES(24, 1, 10);
INSERT INTO user_qlch.CTHD(SOHD,MASP,SOLUONG) VALUES(24, 159, 1);
INSERT INTO user_qlch.CTHD(SOHD,MASP,SOLUONG) VALUES(24, 125, 1);   
INSERT INTO user_qlch.CTHD(SOHD,MASP,SOLUONG) VALUES(25, 110, 10);
INSERT INTO user_qlch.CTHD(SOHD,MASP,SOLUONG) VALUES(26, 103, 10);
INSERT INTO user_qlch.CTHD(SOHD,MASP,SOLUONG) VALUES(27, 106, 10);
INSERT INTO user_qlch.CTHD(SOHD,MASP,SOLUONG) VALUES(28, 60, 15);
INSERT INTO user_qlch.CTHD(SOHD,MASP,SOLUONG) VALUES(29, 49, 10);
INSERT INTO user_qlch.CTHD(SOHD,MASP,SOLUONG) VALUES(30, 46, 15);
INSERT INTO user_qlch.CTHD(SOHD,MASP,SOLUONG) VALUES(31, 117, 1);
INSERT INTO user_qlch.CTHD(SOHD,MASP,SOLUONG) VALUES(31, 129, 1);
INSERT INTO user_qlch.CTHD(SOHD,MASP,SOLUONG) VALUES(32, 65, 5);
INSERT INTO user_qlch.CTHD(SOHD,MASP,SOLUONG) VALUES(33, 75, 10);
INSERT INTO user_qlch.CTHD(SOHD,MASP,SOLUONG) VALUES(34, 71, 2);
INSERT INTO user_qlch.CTHD(SOHD,MASP,SOLUONG) VALUES(35, 87, 5);
INSERT INTO user_qlch.CTHD(SOHD,MASP,SOLUONG) VALUES(36, 91, 1);
--Ngày 28/5
INSERT INTO user_qlch.CTHD(SOHD,MASP,SOLUONG) VALUES(37, 44, 10);
INSERT INTO user_qlch.CTHD(SOHD,MASP,SOLUONG) VALUES(38, 38, 3);
INSERT INTO user_qlch.CTHD(SOHD,MASP,SOLUONG) VALUES(39, 62, 6);
INSERT INTO user_qlch.CTHD(SOHD,MASP,SOLUONG) VALUES(40, 65, 15);
INSERT INTO user_qlch.CTHD(SOHD,MASP,SOLUONG) VALUES(41, 118, 1);
INSERT INTO user_qlch.CTHD(SOHD,MASP,SOLUONG) VALUES(42, 9, 10);
INSERT INTO user_qlch.CTHD(SOHD,MASP,SOLUONG) VALUES(43, 130, 1);
INSERT INTO user_qlch.CTHD(SOHD,MASP,SOLUONG) VALUES(43, 122, 1);
INSERT INTO user_qlch.CTHD(SOHD,MASP,SOLUONG) VALUES(43, 3, 10);
INSERT INTO user_qlch.CTHD(SOHD,MASP,SOLUONG) VALUES(44, 12, 30);
INSERT INTO user_qlch.CTHD(SOHD,MASP,SOLUONG) VALUES(44, 20, 10);
INSERT INTO user_qlch.CTHD(SOHD,MASP,SOLUONG) VALUES(45, 74, 3);
INSERT INTO user_qlch.CTHD(SOHD,MASP,SOLUONG) VALUES(45, 93, 3);
INSERT INTO user_qlch.CTHD(SOHD,MASP,SOLUONG) VALUES(46, 147, 1);
INSERT INTO user_qlch.CTHD(SOHD,MASP,SOLUONG) VALUES(46, 149, 1);
INSERT INTO user_qlch.CTHD(SOHD,MASP,SOLUONG) VALUES(47, 90, 3);
INSERT INTO user_qlch.CTHD(SOHD,MASP,SOLUONG) VALUES(48, 77, 10);
INSERT INTO user_qlch.CTHD(SOHD,MASP,SOLUONG) VALUES(49, 96, 10);
INSERT INTO user_qlch.CTHD(SOHD,MASP,SOLUONG) VALUES(50, 82, 5);
INSERT INTO user_qlch.CTHD(SOHD,MASP,SOLUONG) VALUES(51, 89, 5);
INSERT INTO user_qlch.CTHD(SOHD,MASP,SOLUONG) VALUES(52, 94, 10);
INSERT INTO user_qlch.CTHD(SOHD,MASP,SOLUONG) VALUES(53, 107, 10);
INSERT INTO user_qlch.CTHD(SOHD,MASP,SOLUONG) VALUES(54, 98, 10);
INSERT INTO user_qlch.CTHD(SOHD,MASP,SOLUONG) VALUES(55, 1, 5);
INSERT INTO user_qlch.CTHD(SOHD,MASP,SOLUONG) VALUES(56, 6, 20);
INSERT INTO user_qlch.CTHD(SOHD,MASP,SOLUONG) VALUES(57, 8, 20);
INSERT INTO user_qlch.CTHD(SOHD,MASP,SOLUONG) VALUES(58, 9, 10);
INSERT INTO user_qlch.CTHD(SOHD,MASP,SOLUONG) VALUES(59, 13, 20);
INSERT INTO user_qlch.CTHD(SOHD,MASP,SOLUONG) VALUES(60, 15, 20);
INSERT INTO user_qlch.CTHD(SOHD,MASP,SOLUONG) VALUES(61, 20, 10);
INSERT INTO user_qlch.CTHD(SOHD,MASP,SOLUONG) VALUES(62, 61, 20);
INSERT INTO user_qlch.CTHD(SOHD,MASP,SOLUONG) VALUES(63, 95, 20);
INSERT INTO user_qlch.CTHD(SOHD,MASP,SOLUONG) VALUES(64, 120, 10);
INSERT INTO user_qlch.CTHD(SOHD,MASP,SOLUONG) VALUES(66, 112, 10);
INSERT INTO user_qlch.CTHD(SOHD,MASP,SOLUONG) VALUES(67, 96, 10);
INSERT INTO user_qlch.CTHD(SOHD,MASP,SOLUONG) VALUES(68, 81, 10);
INSERT INTO user_qlch.CTHD(SOHD,MASP,SOLUONG) VALUES(69, 72, 3);
INSERT INTO user_qlch.CTHD(SOHD,MASP,SOLUONG) VALUES(70, 69, 3);
INSERT INTO user_qlch.CTHD(SOHD,MASP,SOLUONG) VALUES(74, 54, 5);
INSERT INTO user_qlch.CTHD(SOHD,MASP,SOLUONG) VALUES(75, 59, 5);

--Ngày 29/5
INSERT INTO user_qlch.CTHD(SOHD,MASP,SOLUONG) VALUES(76, 54, 10);
INSERT INTO user_qlch.CTHD(SOHD,MASP,SOLUONG) VALUES(77, 37, 3);
INSERT INTO user_qlch.CTHD(SOHD,MASP,SOLUONG) VALUES(78, 49, 5);
INSERT INTO user_qlch.CTHD(SOHD,MASP,SOLUONG) VALUES(79, 45, 15);
INSERT INTO user_qlch.CTHD(SOHD,MASP,SOLUONG) VALUES(80, 43, 10);
INSERT INTO user_qlch.CTHD(SOHD,MASP,SOLUONG) VALUES(81, 78, 10);
INSERT INTO user_qlch.CTHD(SOHD,MASP,SOLUONG) VALUES(82, 93, 3);
INSERT INTO user_qlch.CTHD(SOHD,MASP,SOLUONG) VALUES(83, 108, 10);
INSERT INTO user_qlch.CTHD(SOHD,MASP,SOLUONG) VALUES(84, 113, 1);
INSERT INTO user_qlch.CTHD(SOHD,MASP,SOLUONG) VALUES(84, 120, 3);
INSERT INTO user_qlch.CTHD(SOHD,MASP,SOLUONG) VALUES(84, 140, 1);
INSERT INTO user_qlch.CTHD(SOHD,MASP,SOLUONG) VALUES(84, 19, 10);
INSERT INTO user_qlch.CTHD(SOHD,MASP,SOLUONG) VALUES(85, 3, 5);
INSERT INTO user_qlch.CTHD(SOHD,MASP,SOLUONG) VALUES(86, 22, 20);
INSERT INTO user_qlch.CTHD(SOHD,MASP,SOLUONG) VALUES(87, 15, 30);
INSERT INTO user_qlch.CTHD(SOHD,MASP,SOLUONG) VALUES(88, 13, 30);
INSERT INTO user_qlch.CTHD(SOHD,MASP,SOLUONG) VALUES(89, 42, 15);
INSERT INTO user_qlch.CTHD(SOHD,MASP,SOLUONG) VALUES(90, 47, 15);
INSERT INTO user_qlch.CTHD(SOHD,MASP,SOLUONG) VALUES(91, 34, 5);
INSERT INTO user_qlch.CTHD(SOHD,MASP,SOLUONG) VALUES(92, 61, 10);
INSERT INTO user_qlch.CTHD(SOHD,MASP,SOLUONG) VALUES(92, 70, 3);
INSERT INTO user_qlch.CTHD(SOHD,MASP,SOLUONG) VALUES(92, 64, 20);
INSERT INTO user_qlch.CTHD(SOHD,MASP,SOLUONG) VALUES(93, 87, 5);
INSERT INTO user_qlch.CTHD(SOHD,MASP,SOLUONG) VALUES(94, 91, 1);
INSERT INTO user_qlch.CTHD(SOHD,MASP,SOLUONG) VALUES(95, 141, 1);
INSERT INTO user_qlch.CTHD(SOHD,MASP,SOLUONG) VALUES(96, 160, 1);
INSERT INTO user_qlch.CTHD(SOHD,MASP,SOLUONG) VALUES(97, 24, 5);
INSERT INTO user_qlch.CTHD(SOHD,MASP,SOLUONG) VALUES(98, 33, 10);
INSERT INTO user_qlch.CTHD(SOHD,MASP,SOLUONG) VALUES(99, 20, 10);
INSERT INTO user_qlch.CTHD(SOHD,MASP,SOLUONG) VALUES(99, 123, 2);
INSERT INTO user_qlch.CTHD(SOHD,MASP,SOLUONG) VALUES(100, 129, 1);
INSERT INTO user_qlch.CTHD(SOHD,MASP,SOLUONG) VALUES(101, 125, 1);
INSERT INTO user_qlch.CTHD(SOHD,MASP,SOLUONG) VALUES(102, 79, 10);

--Ngày 31/5
INSERT INTO user_qlch.CTHD(SOHD,MASP,SOLUONG) VALUES(103, 1, 10);
INSERT INTO user_qlch.CTHD(SOHD,MASP,SOLUONG) VALUES(104, 4, 10);
INSERT INTO user_qlch.CTHD(SOHD,MASP,SOLUONG) VALUES(105, 140, 1);
INSERT INTO user_qlch.CTHD(SOHD,MASP,SOLUONG) VALUES(105, 160, 1);
INSERT INTO user_qlch.CTHD(SOHD,MASP,SOLUONG) VALUES(106, 43, 10);
INSERT INTO user_qlch.CTHD(SOHD,MASP,SOLUONG) VALUES(107, 78, 10);
INSERT INTO user_qlch.CTHD(SOHD,MASP,SOLUONG) VALUES(108, 148, 1);
INSERT INTO user_qlch.CTHD(SOHD,MASP,SOLUONG) VALUES(108, 149, 2);
INSERT INTO user_qlch.CTHD(SOHD,MASP,SOLUONG) VALUES(108, 130, 1);
INSERT INTO user_qlch.CTHD(SOHD,MASP,SOLUONG) VALUES(109, 55, 5);
INSERT INTO user_qlch.CTHD(SOHD,MASP,SOLUONG) VALUES(110, 57, 5);
INSERT INTO user_qlch.CTHD(SOHD,MASP,SOLUONG) VALUES(111, 63, 20);
INSERT INTO user_qlch.CTHD(SOHD,MASP,SOLUONG) VALUES(112, 66, 10);
INSERT INTO user_qlch.CTHD(SOHD,MASP,SOLUONG) VALUES(113, 61, 20);
INSERT INTO user_qlch.CTHD(SOHD,MASP,SOLUONG) VALUES(114, 78, 10);
INSERT INTO user_qlch.CTHD(SOHD,MASP,SOLUONG) VALUES(115, 87, 5);
INSERT INTO user_qlch.CTHD(SOHD,MASP,SOLUONG) VALUES(115, 155, 1);
INSERT INTO user_qlch.CTHD(SOHD,MASP,SOLUONG) VALUES(116, 12, 30);
INSERT INTO user_qlch.CTHD(SOHD,MASP,SOLUONG) VALUES(117, 14, 20);
INSERT INTO user_qlch.CTHD(SOHD,MASP,SOLUONG) VALUES(118, 21, 20);
INSERT INTO user_qlch.CTHD(SOHD,MASP,SOLUONG) VALUES(119, 22, 10);
INSERT INTO user_qlch.CTHD(SOHD,MASP,SOLUONG) VALUES(119, 122, 1);
INSERT INTO user_qlch.CTHD(SOHD,MASP,SOLUONG) VALUES(120, 125, 1);
INSERT INTO user_qlch.CTHD(SOHD,MASP,SOLUONG) VALUES(121, 109, 10);
INSERT INTO user_qlch.CTHD(SOHD,MASP,SOLUONG) VALUES(121, 104, 10);
INSERT INTO user_qlch.CTHD(SOHD,MASP,SOLUONG) VALUES(122, 92, 3);
INSERT INTO user_qlch.CTHD(SOHD,MASP,SOLUONG) VALUES(123, 93, 3);
INSERT INTO user_qlch.CTHD(SOHD,MASP,SOLUONG) VALUES(124, 91, 1);
INSERT INTO user_qlch.CTHD(SOHD,MASP,SOLUONG) VALUES(125, 39, 10);
INSERT INTO user_qlch.CTHD(SOHD,MASP,SOLUONG) VALUES(126, 43, 10);
INSERT INTO user_qlch.CTHD(SOHD,MASP,SOLUONG) VALUES(126, 33, 5);
INSERT INTO user_qlch.CTHD(SOHD,MASP,SOLUONG) VALUES(127, 63, 10);
INSERT INTO user_qlch.CTHD(SOHD,MASP,SOLUONG) VALUES(128, 65, 10);
INSERT INTO user_qlch.CTHD(SOHD,MASP,SOLUONG) VALUES(129, 97, 20);
INSERT INTO user_qlch.CTHD(SOHD,MASP,SOLUONG) VALUES(129, 123, 1);
INSERT INTO user_qlch.CTHD(SOHD,MASP,SOLUONG) VALUES(130, 97, 10);
INSERT INTO user_qlch.CTHD(SOHD,MASP,SOLUONG) VALUES(131, 97, 10);
INSERT INTO user_qlch.CTHD(SOHD,MASP,SOLUONG) VALUES(132, 99, 10);
INSERT INTO user_qlch.CTHD(SOHD,MASP,SOLUONG) VALUES(133, 90, 5);
INSERT INTO user_qlch.CTHD(SOHD,MASP,SOLUONG) VALUES(134, 46, 10);
INSERT INTO user_qlch.CTHD(SOHD,MASP,SOLUONG) VALUES(135, 61, 10);
INSERT INTO user_qlch.CTHD(SOHD,MASP,SOLUONG) VALUES(135, 121, 2);
INSERT INTO user_qlch.CTHD(SOHD,MASP,SOLUONG) VALUES(136, 122, 20);
INSERT INTO user_qlch.CTHD(SOHD,MASP,SOLUONG) VALUES(137, 87, 5);
INSERT INTO user_qlch.CTHD(SOHD,MASP,SOLUONG) VALUES(138, 122, 10);
INSERT INTO user_qlch.CTHD(SOHD,MASP,SOLUONG) VALUES(138, 72, 5);
INSERT INTO user_qlch.CTHD(SOHD,MASP,SOLUONG) VALUES(139, 73, 5);
INSERT INTO user_qlch.CTHD(SOHD,MASP,SOLUONG) VALUES(140, 58, 10);
INSERT INTO user_qlch.CTHD(SOHD,MASP,SOLUONG) VALUES(141, 50, 10);
INSERT INTO user_qlch.CTHD(SOHD,MASP,SOLUONG) VALUES(142, 45, 15);
INSERT INTO user_qlch.CTHD(SOHD,MASP,SOLUONG) VALUES(143, 49, 5);
INSERT INTO user_qlch.CTHD(SOHD,MASP,SOLUONG) VALUES(144, 67, 10);
INSERT INTO user_qlch.CTHD(SOHD,MASP,SOLUONG) VALUES(145, 125, 1);
INSERT INTO user_qlch.CTHD(SOHD,MASP,SOLUONG) VALUES(146, 128, 1);
INSERT INTO user_qlch.CTHD(SOHD,MASP,SOLUONG) VALUES(147, 137, 1);
INSERT INTO user_qlch.CTHD(SOHD,MASP,SOLUONG) VALUES(148, 153, 1);
INSERT INTO user_qlch.CTHD(SOHD,MASP,SOLUONG) VALUES(148, 20, 10);
INSERT INTO user_qlch.CTHD(SOHD,MASP,SOLUONG) VALUES(148, 29, 3);
INSERT INTO user_qlch.CTHD(SOHD,MASP,SOLUONG) VALUES(148, 49, 5);
INSERT INTO user_qlch.CTHD(SOHD,MASP,SOLUONG) VALUES(149, 32, 10);
INSERT INTO user_qlch.CTHD(SOHD,MASP,SOLUONG) VALUES(150, 18, 10);
INSERT INTO user_qlch.CTHD(SOHD,MASP,SOLUONG) VALUES(151, 69, 5);


/*==================== Thêm khuyến mãi cho hóa đơn - CTKM ====================*/
--Ngày 27/5
SELECT * FROM user_qlch.CTKM;
INSERT INTO user_qlch.CTKM(SOHD, MAKM) VALUES(1, 2);
INSERT INTO user_qlch.CTKM(SOHD, MAKM) VALUES(2, 2);
INSERT INTO user_qlch.CTKM(SOHD, MAKM) VALUES(3, 2);
INSERT INTO user_qlch.CTKM(SOHD, MAKM) VALUES(4, 2);
INSERT INTO user_qlch.CTKM(SOHD, MAKM) VALUES(5, 2);
INSERT INTO user_qlch.CTKM(SOHD, MAKM) VALUES(6, 2);
INSERT INTO user_qlch.CTKM(SOHD, MAKM) VALUES(7, 2);
INSERT INTO user_qlch.CTKM(SOHD, MAKM) VALUES(8, 2);
INSERT INTO user_qlch.CTKM(SOHD, MAKM) VALUES(9, 2);
INSERT INTO user_qlch.CTKM(SOHD, MAKM) VALUES(10, 2);
INSERT INTO user_qlch.CTKM(SOHD, MAKM) VALUES(11, 2);
INSERT INTO user_qlch.CTKM(SOHD, MAKM) VALUES(12, 2);
INSERT INTO user_qlch.CTKM(SOHD, MAKM) VALUES(13, 2);
INSERT INTO user_qlch.CTKM(SOHD, MAKM) VALUES(14, 2);
INSERT INTO user_qlch.CTKM(SOHD, MAKM) VALUES(15, 2);
INSERT INTO user_qlch.CTKM(SOHD, MAKM) VALUES(16, 2);
INSERT INTO user_qlch.CTKM(SOHD, MAKM) VALUES(17, 2);
INSERT INTO user_qlch.CTKM(SOHD, MAKM) VALUES(18, 2);
INSERT INTO user_qlch.CTKM(SOHD, MAKM) VALUES(19, 2);
INSERT INTO user_qlch.CTKM(SOHD, MAKM) VALUES(20, 2);
INSERT INTO user_qlch.CTKM(SOHD, MAKM) VALUES(21, 2);
INSERT INTO user_qlch.CTKM(SOHD, MAKM) VALUES(22, 2);
INSERT INTO user_qlch.CTKM(SOHD, MAKM) VALUES(23, 2);
INSERT INTO user_qlch.CTKM(SOHD, MAKM) VALUES(24, 2);
INSERT INTO user_qlch.CTKM(SOHD, MAKM) VALUES(25, 2);
INSERT INTO user_qlch.CTKM(SOHD, MAKM) VALUES(26, 2);
INSERT INTO user_qlch.CTKM(SOHD, MAKM) VALUES(27, 2);
INSERT INTO user_qlch.CTKM(SOHD, MAKM) VALUES(28, 2);
INSERT INTO user_qlch.CTKM(SOHD, MAKM) VALUES(29, 2);
INSERT INTO user_qlch.CTKM(SOHD, MAKM) VALUES(30, 2);
INSERT INTO user_qlch.CTKM(SOHD, MAKM) VALUES(31, 2);
INSERT INTO user_qlch.CTKM(SOHD, MAKM) VALUES(32, 2);
INSERT INTO user_qlch.CTKM(SOHD, MAKM) VALUES(33, 2);
INSERT INTO user_qlch.CTKM(SOHD, MAKM) VALUES(34, 2);
INSERT INTO user_qlch.CTKM(SOHD, MAKM) VALUES(35, 2);
INSERT INTO user_qlch.CTKM(SOHD, MAKM) VALUES(36, 2);

--Ngày 28/5
SELECT * FROM user_qlch.CTKM;
INSERT INTO user_qlch.CTKM(SOHD, MAKM) VALUES(37, 2);
INSERT INTO user_qlch.CTKM(SOHD, MAKM) VALUES(38, 2);
INSERT INTO user_qlch.CTKM(SOHD, MAKM) VALUES(39, 2);
INSERT INTO user_qlch.CTKM(SOHD, MAKM) VALUES(40, 2);
INSERT INTO user_qlch.CTKM(SOHD, MAKM) VALUES(41, 2);
INSERT INTO user_qlch.CTKM(SOHD, MAKM) VALUES(42, 2);
INSERT INTO user_qlch.CTKM(SOHD, MAKM) VALUES(43, 2);
INSERT INTO user_qlch.CTKM(SOHD, MAKM) VALUES(44, 2);
INSERT INTO user_qlch.CTKM(SOHD, MAKM) VALUES(45, 2);
INSERT INTO user_qlch.CTKM(SOHD, MAKM) VALUES(46, 2);
INSERT INTO user_qlch.CTKM(SOHD, MAKM) VALUES(47, 2);
INSERT INTO user_qlch.CTKM(SOHD, MAKM) VALUES(48, 2);
INSERT INTO user_qlch.CTKM(SOHD, MAKM) VALUES(49, 2);
INSERT INTO user_qlch.CTKM(SOHD, MAKM) VALUES(50, 2);
INSERT INTO user_qlch.CTKM(SOHD, MAKM) VALUES(51, 2);
INSERT INTO user_qlch.CTKM(SOHD, MAKM) VALUES(52, 2);
INSERT INTO user_qlch.CTKM(SOHD, MAKM) VALUES(53, 2);
INSERT INTO user_qlch.CTKM(SOHD, MAKM) VALUES(54, 2);
INSERT INTO user_qlch.CTKM(SOHD, MAKM) VALUES(55, 2);
INSERT INTO user_qlch.CTKM(SOHD, MAKM) VALUES(56, 2);
INSERT INTO user_qlch.CTKM(SOHD, MAKM) VALUES(57, 2);
INSERT INTO user_qlch.CTKM(SOHD, MAKM) VALUES(58, 2);
INSERT INTO user_qlch.CTKM(SOHD, MAKM) VALUES(59, 2);
INSERT INTO user_qlch.CTKM(SOHD, MAKM) VALUES(60, 2);
INSERT INTO user_qlch.CTKM(SOHD, MAKM) VALUES(61, 2);
INSERT INTO user_qlch.CTKM(SOHD, MAKM) VALUES(62, 2);
INSERT INTO user_qlch.CTKM(SOHD, MAKM) VALUES(63, 2);
INSERT INTO user_qlch.CTKM(SOHD, MAKM) VALUES(64, 2);
INSERT INTO user_qlch.CTKM(SOHD, MAKM) VALUES(66, 2);
INSERT INTO user_qlch.CTKM(SOHD, MAKM) VALUES(67, 2);
INSERT INTO user_qlch.CTKM(SOHD, MAKM) VALUES(68, 2);
INSERT INTO user_qlch.CTKM(SOHD, MAKM) VALUES(69, 2);
INSERT INTO user_qlch.CTKM(SOHD, MAKM) VALUES(70, 2);
INSERT INTO user_qlch.CTKM(SOHD, MAKM) VALUES(74, 2);
INSERT INTO user_qlch.CTKM(SOHD, MAKM) VALUES(75, 2);

--Ngày 29/5
SELECT * FROM user_qlch.CTKM;
INSERT INTO user_qlch.CTKM(SOHD, MAKM) VALUES(76, 2);
INSERT INTO user_qlch.CTKM(SOHD, MAKM) VALUES(77, 2);
INSERT INTO user_qlch.CTKM(SOHD, MAKM) VALUES(78, 2);
INSERT INTO user_qlch.CTKM(SOHD, MAKM) VALUES(79, 2);
INSERT INTO user_qlch.CTKM(SOHD, MAKM) VALUES(80, 2);
INSERT INTO user_qlch.CTKM(SOHD, MAKM) VALUES(81, 2);
INSERT INTO user_qlch.CTKM(SOHD, MAKM) VALUES(82, 2);
INSERT INTO user_qlch.CTKM(SOHD, MAKM) VALUES(83, 2);
INSERT INTO user_qlch.CTKM(SOHD, MAKM) VALUES(84, 2);
INSERT INTO user_qlch.CTKM(SOHD, MAKM) VALUES(85, 2);
INSERT INTO user_qlch.CTKM(SOHD, MAKM) VALUES(86, 2);
INSERT INTO user_qlch.CTKM(SOHD, MAKM) VALUES(87, 2);
INSERT INTO user_qlch.CTKM(SOHD, MAKM) VALUES(88, 2);
INSERT INTO user_qlch.CTKM(SOHD, MAKM) VALUES(89, 2);
INSERT INTO user_qlch.CTKM(SOHD, MAKM) VALUES(90, 2);
INSERT INTO user_qlch.CTKM(SOHD, MAKM) VALUES(91, 2);
INSERT INTO user_qlch.CTKM(SOHD, MAKM) VALUES(92, 2);
INSERT INTO user_qlch.CTKM(SOHD, MAKM) VALUES(93, 2);
INSERT INTO user_qlch.CTKM(SOHD, MAKM) VALUES(94, 2);
INSERT INTO user_qlch.CTKM(SOHD, MAKM) VALUES(95, 2);
INSERT INTO user_qlch.CTKM(SOHD, MAKM) VALUES(96, 2);
INSERT INTO user_qlch.CTKM(SOHD, MAKM) VALUES(97, 2);
INSERT INTO user_qlch.CTKM(SOHD, MAKM) VALUES(98, 2);
INSERT INTO user_qlch.CTKM(SOHD, MAKM) VALUES(99, 2);
INSERT INTO user_qlch.CTKM(SOHD, MAKM) VALUES(100, 2);
INSERT INTO user_qlch.CTKM(SOHD, MAKM) VALUES(101, 2);
INSERT INTO user_qlch.CTKM(SOHD, MAKM) VALUES(102, 2);

--Ngày 29/5
SELECT * FROM user_qlch.CTKM;
INSERT INTO user_qlch.CTKM(SOHD, MAKM) VALUES(103, 2);
INSERT INTO user_qlch.CTKM(SOHD, MAKM) VALUES(104, 2);
INSERT INTO user_qlch.CTKM(SOHD, MAKM) VALUES(105, 2);
INSERT INTO user_qlch.CTKM(SOHD, MAKM) VALUES(106, 2);
INSERT INTO user_qlch.CTKM(SOHD, MAKM) VALUES(107, 2);
INSERT INTO user_qlch.CTKM(SOHD, MAKM) VALUES(108, 2);
INSERT INTO user_qlch.CTKM(SOHD, MAKM) VALUES(109, 2);
INSERT INTO user_qlch.CTKM(SOHD, MAKM) VALUES(110, 2);
INSERT INTO user_qlch.CTKM(SOHD, MAKM) VALUES(111, 2);
INSERT INTO user_qlch.CTKM(SOHD, MAKM) VALUES(112, 2);
INSERT INTO user_qlch.CTKM(SOHD, MAKM) VALUES(113, 2);
INSERT INTO user_qlch.CTKM(SOHD, MAKM) VALUES(114, 2);
INSERT INTO user_qlch.CTKM(SOHD, MAKM) VALUES(115, 2);
INSERT INTO user_qlch.CTKM(SOHD, MAKM) VALUES(116, 2);
INSERT INTO user_qlch.CTKM(SOHD, MAKM) VALUES(117, 2);
INSERT INTO user_qlch.CTKM(SOHD, MAKM) VALUES(118, 2);
INSERT INTO user_qlch.CTKM(SOHD, MAKM) VALUES(119, 2);
INSERT INTO user_qlch.CTKM(SOHD, MAKM) VALUES(120, 2);
INSERT INTO user_qlch.CTKM(SOHD, MAKM) VALUES(121, 2);
INSERT INTO user_qlch.CTKM(SOHD, MAKM) VALUES(122, 2);
INSERT INTO user_qlch.CTKM(SOHD, MAKM) VALUES(123, 2);
INSERT INTO user_qlch.CTKM(SOHD, MAKM) VALUES(124, 2);
INSERT INTO user_qlch.CTKM(SOHD, MAKM) VALUES(125, 2);
INSERT INTO user_qlch.CTKM(SOHD, MAKM) VALUES(126, 2);
INSERT INTO user_qlch.CTKM(SOHD, MAKM) VALUES(127, 2);
INSERT INTO user_qlch.CTKM(SOHD, MAKM) VALUES(128, 2);
INSERT INTO user_qlch.CTKM(SOHD, MAKM) VALUES(129, 2);
INSERT INTO user_qlch.CTKM(SOHD, MAKM) VALUES(130, 2);
INSERT INTO user_qlch.CTKM(SOHD, MAKM) VALUES(131, 2);
INSERT INTO user_qlch.CTKM(SOHD, MAKM) VALUES(132, 2);
INSERT INTO user_qlch.CTKM(SOHD, MAKM) VALUES(133, 2);
INSERT INTO user_qlch.CTKM(SOHD, MAKM) VALUES(134, 2);
INSERT INTO user_qlch.CTKM(SOHD, MAKM) VALUES(135, 2);
INSERT INTO user_qlch.CTKM(SOHD, MAKM) VALUES(136, 2);
INSERT INTO user_qlch.CTKM(SOHD, MAKM) VALUES(137, 2);
INSERT INTO user_qlch.CTKM(SOHD, MAKM) VALUES(138, 2);
INSERT INTO user_qlch.CTKM(SOHD, MAKM) VALUES(139, 2);
INSERT INTO user_qlch.CTKM(SOHD, MAKM) VALUES(140, 2);
INSERT INTO user_qlch.CTKM(SOHD, MAKM) VALUES(141, 2);
INSERT INTO user_qlch.CTKM(SOHD, MAKM) VALUES(142, 2);
INSERT INTO user_qlch.CTKM(SOHD, MAKM) VALUES(143, 2);
INSERT INTO user_qlch.CTKM(SOHD, MAKM) VALUES(144, 2);
INSERT INTO user_qlch.CTKM(SOHD, MAKM) VALUES(145, 2);
INSERT INTO user_qlch.CTKM(SOHD, MAKM) VALUES(146, 2);
INSERT INTO user_qlch.CTKM(SOHD, MAKM) VALUES(147, 2);
INSERT INTO user_qlch.CTKM(SOHD, MAKM) VALUES(148, 2);
INSERT INTO user_qlch.CTKM(SOHD, MAKM) VALUES(149, 2);
INSERT INTO user_qlch.CTKM(SOHD, MAKM) VALUES(150, 2);
INSERT INTO user_qlch.CTKM(SOHD, MAKM) VALUES(151, 2);

COMMIT;





